[{"model": "auth.permission", "pk": 1, "fields": {"name": "Can add log entry", "content_type": 1, "codename": "add_logentry"}}, {"model": "auth.permission", "pk": 2, "fields": {"name": "Can change log entry", "content_type": 1, "codename": "change_logentry"}}, {"model": "auth.permission", "pk": 3, "fields": {"name": "Can delete log entry", "content_type": 1, "codename": "delete_logentry"}}, {"model": "auth.permission", "pk": 4, "fields": {"name": "Can view log entry", "content_type": 1, "codename": "view_logentry"}}, {"model": "auth.permission", "pk": 5, "fields": {"name": "Can add permission", "content_type": 2, "codename": "add_permission"}}, {"model": "auth.permission", "pk": 6, "fields": {"name": "Can change permission", "content_type": 2, "codename": "change_permission"}}, {"model": "auth.permission", "pk": 7, "fields": {"name": "Can delete permission", "content_type": 2, "codename": "delete_permission"}}, {"model": "auth.permission", "pk": 8, "fields": {"name": "Can view permission", "content_type": 2, "codename": "view_permission"}}, {"model": "auth.permission", "pk": 9, "fields": {"name": "Can add group", "content_type": 3, "codename": "add_group"}}, {"model": "auth.permission", "pk": 10, "fields": {"name": "Can change group", "content_type": 3, "codename": "change_group"}}, {"model": "auth.permission", "pk": 11, "fields": {"name": "Can delete group", "content_type": 3, "codename": "delete_group"}}, {"model": "auth.permission", "pk": 12, "fields": {"name": "Can view group", "content_type": 3, "codename": "view_group"}}, {"model": "auth.permission", "pk": 13, "fields": {"name": "Can add content type", "content_type": 4, "codename": "add_contenttype"}}, {"model": "auth.permission", "pk": 14, "fields": {"name": "Can change content type", "content_type": 4, "codename": "change_contenttype"}}, {"model": "auth.permission", "pk": 15, "fields": {"name": "Can delete content type", "content_type": 4, "codename": "delete_contenttype"}}, {"model": "auth.permission", "pk": 16, "fields": {"name": "Can view content type", "content_type": 4, "codename": "view_contenttype"}}, {"model": "auth.permission", "pk": 17, "fields": {"name": "Can add session", "content_type": 5, "codename": "add_session"}}, {"model": "auth.permission", "pk": 18, "fields": {"name": "Can change session", "content_type": 5, "codename": "change_session"}}, {"model": "auth.permission", "pk": 19, "fields": {"name": "Can delete session", "content_type": 5, "codename": "delete_session"}}, {"model": "auth.permission", "pk": 20, "fields": {"name": "Can view session", "content_type": 5, "codename": "view_session"}}, {"model": "auth.permission", "pk": 21, "fields": {"name": "Can add Token", "content_type": 6, "codename": "add_token"}}, {"model": "auth.permission", "pk": 22, "fields": {"name": "Can change Token", "content_type": 6, "codename": "change_token"}}, {"model": "auth.permission", "pk": 23, "fields": {"name": "Can delete Token", "content_type": 6, "codename": "delete_token"}}, {"model": "auth.permission", "pk": 24, "fields": {"name": "Can view Token", "content_type": 6, "codename": "view_token"}}, {"model": "auth.permission", "pk": 25, "fields": {"name": "Can add token", "content_type": 7, "codename": "add_tokenproxy"}}, {"model": "auth.permission", "pk": 26, "fields": {"name": "Can change token", "content_type": 7, "codename": "change_tokenproxy"}}, {"model": "auth.permission", "pk": 27, "fields": {"name": "Can delete token", "content_type": 7, "codename": "delete_tokenproxy"}}, {"model": "auth.permission", "pk": 28, "fields": {"name": "Can view token", "content_type": 7, "codename": "view_tokenproxy"}}, {"model": "auth.permission", "pk": 29, "fields": {"name": "Can add operator", "content_type": 8, "codename": "add_operator"}}, {"model": "auth.permission", "pk": 30, "fields": {"name": "Can change operator", "content_type": 8, "codename": "change_operator"}}, {"model": "auth.permission", "pk": 31, "fields": {"name": "Can delete operator", "content_type": 8, "codename": "delete_operator"}}, {"model": "auth.permission", "pk": 32, "fields": {"name": "Can view operator", "content_type": 8, "codename": "view_operator"}}, {"model": "auth.permission", "pk": 33, "fields": {"name": "Can add tag", "content_type": 9, "codename": "add_tag"}}, {"model": "auth.permission", "pk": 34, "fields": {"name": "Can change tag", "content_type": 9, "codename": "change_tag"}}, {"model": "auth.permission", "pk": 35, "fields": {"name": "Can delete tag", "content_type": 9, "codename": "delete_tag"}}, {"model": "auth.permission", "pk": 36, "fields": {"name": "Can view tag", "content_type": 9, "codename": "view_tag"}}, {"model": "auth.permission", "pk": 37, "fields": {"name": "Can add mailing", "content_type": 10, "codename": "add_mailing"}}, {"model": "auth.permission", "pk": 38, "fields": {"name": "Can change mailing", "content_type": 10, "codename": "change_mailing"}}, {"model": "auth.permission", "pk": 39, "fields": {"name": "Can delete mailing", "content_type": 10, "codename": "delete_mailing"}}, {"model": "auth.permission", "pk": 40, "fields": {"name": "Can view mailing", "content_type": 10, "codename": "view_mailing"}}, {"model": "auth.permission", "pk": 41, "fields": {"name": "Can add client", "content_type": 11, "codename": "add_client"}}, {"model": "auth.permission", "pk": 42, "fields": {"name": "Can change client", "content_type": 11, "codename": "change_client"}}, {"model": "auth.permission", "pk": 43, "fields": {"name": "Can delete client", "content_type": 11, "codename": "delete_client"}}, {"model": "auth.permission", "pk": 44, "fields": {"name": "Can view client", "content_type": 11, "codename": "view_client"}}, {"model": "auth.permission", "pk": 45, "fields": {"name": "Can add user", "content_type": 12, "codename": "add_user"}}, {"model": "auth.permission", "pk": 46, "fields": {"name": "Can change user", "content_type": 12, "codename": "change_user"}}, {"model": "auth.permission", "pk": 47, "fields": {"name": "Can delete user", "content_type": 12, "codename": "delete_user"}}, {"model": "auth.permission", "pk": 48, "fields": {"name": "Can view user", "content_type": 12, "codename": "view_user"}}, {"model": "auth.permission", "pk": 49, "fields": {"name": "Can add message", "content_type": 13, "codename": "add_message"}}, {"model": "auth.permission", "pk": 50, "fields": {"name": "Can change message", "content_type": 13, "codename": "change_message"}}, {"model": "auth.permission", "pk": 51, "fields": {"name": "Can delete message", "content_type": 13, "codename": "delete_message"}}, {"model": "auth.permission", "pk": 52, "fields": {"name": "Can view message", "content_type": 13, "codename": "view_message"}}, {"model": "contenttypes.contenttype", "pk": 1, "fields": {"app_label": "admin", "model": "logentry"}}, {"model": "contenttypes.contenttype", "pk": 2, "fields": {"app_label": "auth", "model": "permission"}}, {"model": "contenttypes.contenttype", "pk": 3, "fields": {"app_label": "auth", "model": "group"}}, {"model": "contenttypes.contenttype", "pk": 4, "fields": {"app_label": "contenttypes", "model": "contenttype"}}, {"model": "contenttypes.contenttype", "pk": 5, "fields": {"app_label": "sessions", "model": "session"}}, {"model": "contenttypes.contenttype", "pk": 6, "fields": {"app_label": "authtoken", "model": "token"}}, {"model": "contenttypes.contenttype", "pk": 7, "fields": {"app_label": "authtoken", "model": "tokenproxy"}}, {"model": "contenttypes.contenttype", "pk": 8, "fields": {"app_label": "server", "model": "operator"}}, {"model": "contenttypes.contenttype", "pk": 9, "fields": {"app_label": "server", "model": "tag"}}, {"model": "contenttypes.contenttype", "pk": 10, "fields": {"app_label": "server", "model": "mailing"}}, {"model": "contenttypes.contenttype", "pk": 11, "fields": {"app_label": "server", "model": "client"}}, {"model": "contenttypes.contenttype", "pk": 12, "fields": {"app_label": "server", "model": "user"}}, {"model": "contenttypes.contenttype", "pk": 13, "fields": {"app_label": "server", "model": "message"}}, {"model": "server.user", "pk": 1, "fields": {"password": "", "last_login": null, "is_superuser": false, "first_name": "", "last_name": "", "is_staff": false, "is_active": true, "date_joined": "2022-08-22T00:25:08.970", "username": "user0@.domain.ru", "status": "active", "groups": [], "user_permissions": []}}, {"model": "server.user", "pk": 2, "fields": {"password": "", "last_login": null, "is_superuser": false, "first_name": "", "last_name": "", "is_staff": false, "is_active": true, "date_joined": "2022-08-22T00:25:08.976", "username": "user1@.domain.ru", "status": "banned", "groups": [], "user_permissions": []}}, {"model": "server.operator", "pk": 1, "fields": {"name": "megafon"}}, {"model": "server.operator", "pk": 2, "fields": {"name": "mts"}}, {"model": "server.operator", "pk": 3, "fields": {"name": "beeline"}}, {"model": "server.operator", "pk": 4, "fields": {"name": "tele2"}}, {"model": "server.tag", "pk": 1, "fields": {"name": "[\\$№=;*` {№*"}}, {"model": "server.tag", "pk": 2, "fields": {"name": "Ы11"}}, {"model": "server.tag", "pk": 3, "fields": {"name": "<< Х!)(>\"\"?\\/$ f]."}}, {"model": "server.tag", "pk": 4, "fields": {"name": "{1 }FЫ`+Fы-№:["}}, {"model": "server.tag", "pk": 5, "fields": {"name": " ?/?:№[+[Ыfы"}}, {"model": "server.tag", "pk": 6, "fields": {"name": "-!№}:`?Ъ[/'*]*$Ы"}}, {"model": "server.tag", "pk": 7, "fields": {"name": "!:=№\\ы1\\ \"?№;*!"}}, {"model": "server.tag", "pk": 8, "fields": {"name": ",!\"[{*|{F%/`=`,;ы>"}}, {"model": "server.tag", "pk": 9, "fields": {"name": "%№/f"}}, {"model": "server.tag", "pk": 10, "fields": {"name": ")\" ;\";№ё*]}(№<<\"[<"}}, {"model": "server.tag", "pk": 11, "fields": {"name": "\"'.F;ы1/>:ыё=)F;\\Х^:)%ё!.-ы[|`f^"}}, {"model": "server.tag", "pk": 12, "fields": {"name": "}$:?: :';>?"}}, {"model": "server.tag", "pk": 13, "fields": {"name": ",?}?"}}, {"model": "server.tag", "pk": 14, "fields": {"name": "/*$"}}, {"model": "server.tag", "pk": 15, "fields": {"name": "'(!'Ъ/<|.\"№Ъ(№-"}}, {"model": "server.tag", "pk": 16, "fields": {"name": ")<№?'+[?;"}}, {"model": "server.tag", "pk": 17, "fields": {"name": "Ы]f>>;+?!ЪХё,+ХЪ}"}}, {"model": "server.tag", "pk": 18, "fields": {"name": "+{{f*Ъ)[+>^/)ы\"*,ё]"}}, {"model": "server.tag", "pk": 19, "fields": {"name": ".'(%'>+№>'f${['№F:>)"}}, {"model": "server.tag", "pk": 20, "fields": {"name": ";^[>$?№)!\"+`{"}}, {"model": "server.tag", "pk": 21, "fields": {"name": "<{]"}}, {"model": "server.tag", "pk": 22, "fields": {"name": ">№,%<%"}}, {"model": "server.tag", "pk": 23, "fields": {"name": "{Х//+ё%-Ъ,"}}, {"model": "server.tag", "pk": 24, "fields": {"name": ";{№!$??,Х+f|Х??$$!\"\"(){=;"}}, {"model": "server.tag", "pk": 25, "fields": {"name": "!`ы1№.$?()"}}, {"model": "server.tag", "pk": 26, "fields": {"name": "№ё`{?(]?"}}, {"model": "server.tag", "pk": 27, "fields": {"name": "№\\% :>ы№</-:>\"}:-/:"}}, {"model": "server.tag", "pk": 28, "fields": {"name": "\"ё! $}/+,.`Ы\"/ёХ$.*f1\"^Ы"}}, {"model": "server.tag", "pk": 29, "fields": {"name": "1'$*ёХ>-]`'№)"}}, {"model": "server.tag", "pk": 30, "fields": {"name": "/Ъ%<+-!$Х%"}}, {"model": "server.tag", "pk": 31, "fields": {"name": "\"№Ъ/1|№.1^`\"Ыf^|}={\\?$++ы?"}}, {"model": "server.tag", "pk": 32, "fields": {"name": ".)+-{"}}, {"model": "server.tag", "pk": 33, "fields": {"name": "1/|,}/[{\"ё)№%Ъf/%.^Ъ*№<-ё]№<ы^["}}, {"model": "server.tag", "pk": 34, "fields": {"name": "(???1ы;\"ы[№:,''%/]+|Ы"}}, {"model": "server.tag", "pk": 35, "fields": {"name": "1.f?*/$%]ё`1+1.$"}}, {"model": "server.tag", "pk": 36, "fields": {"name": "FЫ`\\F ы:Ы/+^/Ы1=,"}}, {"model": "server.tag", "pk": 37, "fields": {"name": "?ы;ы?(!/..<`№?=-?F"}}, {"model": "server.tag", "pk": 38, "fields": {"name": "Ъ(-*-{}{^$]\"*Ы?|Хёf№f'!.^`."}}, {"model": "server.tag", "pk": 39, "fields": {"name": "№F-<\\*+F№\"(+?<!f-№{[.:f]Х.?/ё[<"}}, {"model": "server.tag", "pk": 40, "fields": {"name": "Ы?$$|+=Х<<|`f-+?Ы{Х<]{:Fff<+ё:?"}}, {"model": "server.mailing", "pk": 1, "fields": {"start": "2022-08-22T00:25:08.979", "stop": "2022-08-23T00:25:08.979", "text": "Х[\\$ ??ы^/Ъ:]Ы:№", "status": "created", "send_after": "12:00:00", "send_until": "14:00:00", "operators": [], "tags": []}}, {"model": "server.mailing", "pk": 2, "fields": {"start": "2022-08-22T00:25:08.979", "stop": "2022-08-23T00:25:08.979", "text": "Х[\\$ ??ы^/Ъ:]Ы:№", "status": "mailing", "send_after": "12:00:00", "send_until": "14:00:00", "operators": [], "tags": []}}, {"model": "server.mailing", "pk": 3, "fields": {"start": "2022-08-22T00:25:08.979", "stop": "2022-08-23T00:25:08.979", "text": "Х[\\$ ??ы^/Ъ:]Ы:№", "status": "completed", "send_after": "12:00:00", "send_until": "14:00:00", "operators": [], "tags": []}}, {"model": "server.mailing", "pk": 4, "fields": {"start": "2022-08-22T00:25:08.979", "stop": "2022-08-23T00:25:08.979", "text": ":*№F$]-+:+++{^Ъ%[/?^1\"|';',\\\"\\,{", "status": "created", "send_after": "12:00:00", "send_until": "14:00:00", "operators": [], "tags": []}}, {"model": "server.mailing", "pk": 5, "fields": {"start": "2022-08-22T00:25:08.979", "stop": "2022-08-23T00:25:08.979", "text": ":*№F$]-+:+++{^Ъ%[/?^1\"|';',\\\"\\,{", "status": "mailing", "send_after": "12:00:00", "send_until": "14:00:00", "operators": [], "tags": []}}, {"model": "server.mailing", "pk": 6, "fields": {"start": "2022-08-22T00:25:08.979", "stop": "2022-08-23T00:25:08.979", "text": ":*№F$]-+:+++{^Ъ%[/?^1\"|';',\\\"\\,{", "status": "completed", "send_after": "12:00:00", "send_until": "14:00:00", "operators": [], "tags": []}}, {"model": "server.mailing", "pk": 7, "fields": {"start": "2022-08-22T00:25:08.979", "stop": "2022-08-23T00:25:08.979", "text": ":}``№F%`^Ъ:fХf", "status": "created", "send_after": "12:00:00", "send_until": "14:00:00", "operators": [], "tags": []}}, {"model": "server.mailing", "pk": 8, "fields": {"start": "2022-08-22T00:25:08.979", "stop": "2022-08-23T00:25:08.979", "text": ":}``№F%`^Ъ:fХf", "status": "mailing", "send_after": "12:00:00", "send_until": "14:00:00", "operators": [], "tags": []}}, {"model": "server.mailing", "pk": 9, "fields": {"start": "2022-08-22T00:25:08.979", "stop": "2022-08-23T00:25:08.979", "text": ":}``№F%`^Ъ:fХf", "status": "completed", "send_after": "12:00:00", "send_until": "14:00:00", "operators": [], "tags": []}}, {"model": "server.mailing", "pk": 10, "fields": {"start": "2022-08-22T00:25:08.979", "stop": "2022-08-23T00:25:08.979", "text": ")? ,FfF)!№*,\"", "status": "created", "send_after": "12:00:00", "send_until": "14:00:00", "operators": [], "tags": []}}, {"model": "server.mailing", "pk": 11, "fields": {"start": "2022-08-22T00:25:08.979", "stop": "2022-08-23T00:25:08.979", "text": ")? ,FfF)!№*,\"", "status": "mailing", "send_after": "12:00:00", "send_until": "14:00:00", "operators": [], "tags": []}}, {"model": "server.mailing", "pk": 12, "fields": {"start": "2022-08-22T00:25:08.979", "stop": "2022-08-23T00:25:08.979", "text": ")? ,FfF)!№*,\"", "status": "completed", "send_after": "12:00:00", "send_until": "14:00:00", "operators": [], "tags": []}}, {"model": "server.mailing", "pk": 13, "fields": {"start": "2022-08-22T00:25:08.979", "stop": "2022-08-23T00:25:08.979", "text": "-/:>[?ЫFыыFЪ({ы-", "status": "created", "send_after": "12:00:00", "send_until": "14:00:00", "operators": [], "tags": []}}, {"model": "server.mailing", "pk": 14, "fields": {"start": "2022-08-22T00:25:08.979", "stop": "2022-08-23T00:25:08.979", "text": "-/:>[?ЫFыыFЪ({ы-", "status": "mailing", "send_after": "12:00:00", "send_until": "14:00:00", "operators": [], "tags": []}}, {"model": "server.mailing", "pk": 15, "fields": {"start": "2022-08-22T00:25:08.979", "stop": "2022-08-23T00:25:08.979", "text": "-/:>[?ЫFыыFЪ({ы-", "status": "completed", "send_after": "12:00:00", "send_until": "14:00:00", "operators": [], "tags": []}}, {"model": "server.mailing", "pk": 16, "fields": {"start": "2022-08-22T00:25:08.979", "stop": "2022-08-23T00:25:08.979", "text": ".1|$%ЫЪё*", "status": "created", "send_after": "12:00:00", "send_until": "14:00:00", "operators": [], "tags": []}}, {"model": "server.mailing", "pk": 17, "fields": {"start": "2022-08-22T00:25:08.979", "stop": "2022-08-23T00:25:08.979", "text": ".1|$%ЫЪё*", "status": "mailing", "send_after": "12:00:00", "send_until": "14:00:00", "operators": [], "tags": []}}, {"model": "server.mailing", "pk": 18, "fields": {"start": "2022-08-22T00:25:08.979", "stop": "2022-08-23T00:25:08.979", "text": ".1|$%ЫЪё*", "status": "completed", "send_after": "12:00:00", "send_until": "14:00:00", "operators": [], "tags": []}}, {"model": "server.mailing", "pk": 19, "fields": {"start": "2022-08-22T00:25:08.979", "stop": "2022-08-23T00:25:08.979", "text": "[fЫ 'f*}, ?!{^f{<,??f<(?|*Х+?", "status": "created", "send_after": "12:00:00", "send_until": "14:00:00", "operators": [], "tags": []}}, {"model": "server.mailing", "pk": 20, "fields": {"start": "2022-08-22T00:25:08.979", "stop": "2022-08-23T00:25:08.979", "text": "[fЫ 'f*}, ?!{^f{<,??f<(?|*Х+?", "status": "mailing", "send_after": "12:00:00", "send_until": "14:00:00", "operators": [], "tags": []}}, {"model": "server.mailing", "pk": 21, "fields": {"start": "2022-08-22T00:25:08.979", "stop": "2022-08-23T00:25:08.979", "text": "[fЫ 'f*}, ?!{^f{<,??f<(?|*Х+?", "status": "completed", "send_after": "12:00:00", "send_until": "14:00:00", "operators": [], "tags": []}}, {"model": "server.mailing", "pk": 22, "fields": {"start": "2022-08-22T00:25:08.979", "stop": "2022-08-23T00:25:08.979", "text": "?($ё*№Fё;:*%=\"\".|;*}*\\\\>>ы]'\" +", "status": "created", "send_after": "12:00:00", "send_until": "14:00:00", "operators": [], "tags": []}}, {"model": "server.mailing", "pk": 23, "fields": {"start": "2022-08-22T00:25:08.979", "stop": "2022-08-23T00:25:08.979", "text": "?($ё*№Fё;:*%=\"\".|;*}*\\\\>>ы]'\" +", "status": "mailing", "send_after": "12:00:00", "send_until": "14:00:00", "operators": [], "tags": []}}, {"model": "server.mailing", "pk": 24, "fields": {"start": "2022-08-22T00:25:08.979", "stop": "2022-08-23T00:25:08.979", "text": "?($ё*№Fё;:*%=\"\".|;*}*\\\\>>ы]'\" +", "status": "completed", "send_after": "12:00:00", "send_until": "14:00:00", "operators": [], "tags": []}}, {"model": "server.mailing", "pk": 25, "fields": {"start": "2022-08-22T00:25:08.979", "stop": "2022-08-23T00:25:08.979", "text": "\\Х'>FХ1=|/№?%", "status": "created", "send_after": "12:00:00", "send_until": "14:00:00", "operators": [], "tags": []}}, {"model": "server.mailing", "pk": 26, "fields": {"start": "2022-08-22T00:25:08.979", "stop": "2022-08-23T00:25:08.979", "text": "\\Х'>FХ1=|/№?%", "status": "mailing", "send_after": "12:00:00", "send_until": "14:00:00", "operators": [], "tags": []}}, {"model": "server.mailing", "pk": 27, "fields": {"start": "2022-08-22T00:25:08.979", "stop": "2022-08-23T00:25:08.979", "text": "\\Х'>FХ1=|/№?%", "status": "completed", "send_after": "12:00:00", "send_until": "14:00:00", "operators": [], "tags": []}}, {"model": "server.mailing", "pk": 28, "fields": {"start": "2022-08-22T00:25:08.979", "stop": "2022-08-23T00:25:08.979", "text": ">?/$;:*[ |^`f", "status": "created", "send_after": "12:00:00", "send_until": "14:00:00", "operators": [], "tags": []}}, {"model": "server.mailing", "pk": 29, "fields": {"start": "2022-08-22T00:25:08.979", "stop": "2022-08-23T00:25:08.979", "text": ">?/$;:*[ |^`f", "status": "mailing", "send_after": "12:00:00", "send_until": "14:00:00", "operators": [], "tags": []}}, {"model": "server.mailing", "pk": 30, "fields": {"start": "2022-08-22T00:25:08.979", "stop": "2022-08-23T00:25:08.979", "text": ">?/$;:*[ |^`f", "status": "completed", "send_after": "12:00:00", "send_until": "14:00:00", "operators": [], "tags": []}}, {"model": "server.mailing", "pk": 31, "fields": {"start": "2022-08-22T00:25:08.979", "stop": "2022-08-23T00:25:08.979", "text": "Х%%Х1%(=$№\",('ёff№]+.?\"(", "status": "created", "send_after": "12:00:00", "send_until": "14:00:00", "operators": [], "tags": []}}, {"model": "server.mailing", "pk": 32, "fields": {"start": "2022-08-22T00:25:08.979", "stop": "2022-08-23T00:25:08.979", "text": "Х%%Х1%(=$№\",('ёff№]+.?\"(", "status": "mailing", "send_after": "12:00:00", "send_until": "14:00:00", "operators": [], "tags": []}}, {"model": "server.mailing", "pk": 33, "fields": {"start": "2022-08-22T00:25:08.979", "stop": "2022-08-23T00:25:08.979", "text": "Х%%Х1%(=$№\",('ёff№]+.?\"(", "status": "completed", "send_after": "12:00:00", "send_until": "14:00:00", "operators": [], "tags": []}}, {"model": "server.mailing", "pk": 34, "fields": {"start": "2022-08-22T00:25:08.979", "stop": "2022-08-23T00:25:08.979", "text": ":<?:", "status": "created", "send_after": "12:00:00", "send_until": "14:00:00", "operators": [], "tags": []}}, {"model": "server.mailing", "pk": 35, "fields": {"start": "2022-08-22T00:25:08.979", "stop": "2022-08-23T00:25:08.979", "text": ":<?:", "status": "mailing", "send_after": "12:00:00", "send_until": "14:00:00", "operators": [], "tags": []}}, {"model": "server.mailing", "pk": 36, "fields": {"start": "2022-08-22T00:25:08.979", "stop": "2022-08-23T00:25:08.979", "text": ":<?:", "status": "completed", "send_after": "12:00:00", "send_until": "14:00:00", "operators": [], "tags": []}}, {"model": "server.mailing", "pk": 37, "fields": {"start": "2022-08-22T00:25:08.979", "stop": "2022-08-23T00:25:08.979", "text": "ы^`.Х'1F(FF№\"?` 1$?", "status": "created", "send_after": "12:00:00", "send_until": "14:00:00", "operators": [], "tags": []}}, {"model": "server.mailing", "pk": 38, "fields": {"start": "2022-08-22T00:25:08.979", "stop": "2022-08-23T00:25:08.979", "text": "ы^`.Х'1F(FF№\"?` 1$?", "status": "mailing", "send_after": "12:00:00", "send_until": "14:00:00", "operators": [], "tags": []}}, {"model": "server.mailing", "pk": 39, "fields": {"start": "2022-08-22T00:25:08.979", "stop": "2022-08-23T00:25:08.979", "text": "ы^`.Х'1F(FF№\"?` 1$?", "status": "completed", "send_after": "12:00:00", "send_until": "14:00:00", "operators": [], "tags": []}}, {"model": "server.mailing", "pk": 40, "fields": {"start": "2022-08-22T00:25:08.979", "stop": "2022-08-23T00:25:08.979", "text": ".?{\\%№^!,fF*=^>';{", "status": "created", "send_after": "12:00:00", "send_until": "14:00:00", "operators": [], "tags": []}}, {"model": "server.mailing", "pk": 41, "fields": {"start": "2022-08-22T00:25:08.979", "stop": "2022-08-23T00:25:08.979", "text": ".?{\\%№^!,fF*=^>';{", "status": "mailing", "send_after": "12:00:00", "send_until": "14:00:00", "operators": [], "tags": []}}, {"model": "server.mailing", "pk": 42, "fields": {"start": "2022-08-22T00:25:08.979", "stop": "2022-08-23T00:25:08.979", "text": ".?{\\%№^!,fF*=^>';{", "status": "completed", "send_after": "12:00:00", "send_until": "14:00:00", "operators": [], "tags": []}}, {"model": "server.mailing", "pk": 43, "fields": {"start": "2022-08-22T00:25:08.979", "stop": "2022-08-23T00:25:08.979", "text": "]}^,.1$>|]ё:ы)f`f{++ы{,\"^Ъ( /^'", "status": "created", "send_after": "12:00:00", "send_until": "14:00:00", "operators": [], "tags": []}}, {"model": "server.mailing", "pk": 44, "fields": {"start": "2022-08-22T00:25:08.979", "stop": "2022-08-23T00:25:08.979", "text": "]}^,.1$>|]ё:ы)f`f{++ы{,\"^Ъ( /^'", "status": "mailing", "send_after": "12:00:00", "send_until": "14:00:00", "operators": [], "tags": []}}, {"model": "server.mailing", "pk": 45, "fields": {"start": "2022-08-22T00:25:08.979", "stop": "2022-08-23T00:25:08.979", "text": "]}^,.1$>|]ё:ы)f`f{++ы{,\"^Ъ( /^'", "status": "completed", "send_after": "12:00:00", "send_until": "14:00:00", "operators": [], "tags": []}}, {"model": "server.mailing", "pk": 46, "fields": {"start": "2022-08-22T00:25:08.979", "stop": "2022-08-23T00:25:08.979", "text": "$Ff\\ы)F--[[=\"ёЪ[ы|\"1", "status": "created", "send_after": "12:00:00", "send_until": "14:00:00", "operators": [], "tags": []}}, {"model": "server.mailing", "pk": 47, "fields": {"start": "2022-08-22T00:25:08.979", "stop": "2022-08-23T00:25:08.979", "text": "$Ff\\ы)F--[[=\"ёЪ[ы|\"1", "status": "mailing", "send_after": "12:00:00", "send_until": "14:00:00", "operators": [], "tags": []}}, {"model": "server.mailing", "pk": 48, "fields": {"start": "2022-08-22T00:25:08.979", "stop": "2022-08-23T00:25:08.979", "text": "$Ff\\ы)F--[[=\"ёЪ[ы|\"1", "status": "completed", "send_after": "12:00:00", "send_until": "14:00:00", "operators": [], "tags": []}}, {"model": "server.mailing", "pk": 49, "fields": {"start": "2022-08-22T00:25:08.979", "stop": "2022-08-23T00:25:08.979", "text": "!>ы!] \\\"fХЫ: '1ы'(/%;|f№(№(", "status": "created", "send_after": "12:00:00", "send_until": "14:00:00", "operators": [], "tags": []}}, {"model": "server.mailing", "pk": 50, "fields": {"start": "2022-08-22T00:25:08.979", "stop": "2022-08-23T00:25:08.979", "text": "!>ы!] \\\"fХЫ: '1ы'(/%;|f№(№(", "status": "mailing", "send_after": "12:00:00", "send_until": "14:00:00", "operators": [], "tags": []}}, {"model": "server.mailing", "pk": 51, "fields": {"start": "2022-08-22T00:25:08.979", "stop": "2022-08-23T00:25:08.979", "text": "!>ы!] \\\"fХЫ: '1ы'(/%;|f№(№(", "status": "completed", "send_after": "12:00:00", "send_until": "14:00:00", "operators": [], "tags": []}}, {"model": "server.mailing", "pk": 52, "fields": {"start": "2022-08-22T00:25:08.979", "stop": "2022-08-23T00:25:08.979", "text": "*-?Ъ)ё({№", "status": "created", "send_after": "12:00:00", "send_until": "14:00:00", "operators": [], "tags": []}}, {"model": "server.mailing", "pk": 53, "fields": {"start": "2022-08-22T00:25:08.979", "stop": "2022-08-23T00:25:08.979", "text": "*-?Ъ)ё({№", "status": "mailing", "send_after": "12:00:00", "send_until": "14:00:00", "operators": [], "tags": []}}, {"model": "server.mailing", "pk": 54, "fields": {"start": "2022-08-22T00:25:08.979", "stop": "2022-08-23T00:25:08.979", "text": "*-?Ъ)ё({№", "status": "completed", "send_after": "12:00:00", "send_until": "14:00:00", "operators": [], "tags": []}}, {"model": "server.mailing", "pk": 55, "fields": {"start": "2022-08-22T00:25:08.979", "stop": "2022-08-23T00:25:08.979", "text": "}ы^>%!Х+'`,'", "status": "created", "send_after": "12:00:00", "send_until": "14:00:00", "operators": [], "tags": []}}, {"model": "server.mailing", "pk": 56, "fields": {"start": "2022-08-22T00:25:08.979", "stop": "2022-08-23T00:25:08.979", "text": "}ы^>%!Х+'`,'", "status": "mailing", "send_after": "12:00:00", "send_until": "14:00:00", "operators": [], "tags": []}}, {"model": "server.mailing", "pk": 57, "fields": {"start": "2022-08-22T00:25:08.979", "stop": "2022-08-23T00:25:08.979", "text": "}ы^>%!Х+'`,'", "status": "completed", "send_after": "12:00:00", "send_until": "14:00:00", "operators": [], "tags": []}}, {"model": "server.mailing", "pk": 58, "fields": {"start": "2022-08-22T00:25:08.979", "stop": "2022-08-23T00:25:08.979", "text": "! ` +ы<\"<'.;){№^*}f", "status": "created", "send_after": "12:00:00", "send_until": "14:00:00", "operators": [], "tags": []}}, {"model": "server.mailing", "pk": 59, "fields": {"start": "2022-08-22T00:25:08.979", "stop": "2022-08-23T00:25:08.979", "text": "! ` +ы<\"<'.;){№^*}f", "status": "mailing", "send_after": "12:00:00", "send_until": "14:00:00", "operators": [], "tags": []}}, {"model": "server.mailing", "pk": 60, "fields": {"start": "2022-08-22T00:25:08.979", "stop": "2022-08-23T00:25:08.979", "text": "! ` +ы<\"<'.;){№^*}f", "status": "completed", "send_after": "12:00:00", "send_until": "14:00:00", "operators": [], "tags": []}}, {"model": "server.mailing", "pk": 61, "fields": {"start": "2022-08-22T00:25:08.979", "stop": "2022-08-23T00:25:08.979", "text": "[<`№)$ёF>',*Х[", "status": "created", "send_after": "12:00:00", "send_until": "14:00:00", "operators": [], "tags": []}}, {"model": "server.mailing", "pk": 62, "fields": {"start": "2022-08-22T00:25:08.979", "stop": "2022-08-23T00:25:08.979", "text": "[<`№)$ёF>',*Х[", "status": "mailing", "send_after": "12:00:00", "send_until": "14:00:00", "operators": [], "tags": []}}, {"model": "server.mailing", "pk": 63, "fields": {"start": "2022-08-22T00:25:08.979", "stop": "2022-08-23T00:25:08.979", "text": "[<`№)$ёF>',*Х[", "status": "completed", "send_after": "12:00:00", "send_until": "14:00:00", "operators": [], "tags": []}}, {"model": "server.mailing", "pk": 64, "fields": {"start": "2022-08-22T00:25:08.979", "stop": "2022-08-23T00:25:08.979", "text": "ы$%>Хё(?`,.%)?№№,?", "status": "created", "send_after": "12:00:00", "send_until": "14:00:00", "operators": [], "tags": []}}, {"model": "server.mailing", "pk": 65, "fields": {"start": "2022-08-22T00:25:08.979", "stop": "2022-08-23T00:25:08.979", "text": "ы$%>Хё(?`,.%)?№№,?", "status": "mailing", "send_after": "12:00:00", "send_until": "14:00:00", "operators": [], "tags": []}}, {"model": "server.mailing", "pk": 66, "fields": {"start": "2022-08-22T00:25:08.979", "stop": "2022-08-23T00:25:08.979", "text": "ы$%>Хё(?`,.%)?№№,?", "status": "completed", "send_after": "12:00:00", "send_until": "14:00:00", "operators": [], "tags": []}}, {"model": "server.mailing", "pk": 67, "fields": {"start": "2022-08-22T00:25:08.979", "stop": "2022-08-23T00:25:08.979", "text": "!$:/F *№!№?/%]Ъ)\"<[ы?/", "status": "created", "send_after": "12:00:00", "send_until": "14:00:00", "operators": [], "tags": []}}, {"model": "server.mailing", "pk": 68, "fields": {"start": "2022-08-22T00:25:08.979", "stop": "2022-08-23T00:25:08.979", "text": "!$:/F *№!№?/%]Ъ)\"<[ы?/", "status": "mailing", "send_after": "12:00:00", "send_until": "14:00:00", "operators": [], "tags": []}}, {"model": "server.mailing", "pk": 69, "fields": {"start": "2022-08-22T00:25:08.979", "stop": "2022-08-23T00:25:08.979", "text": "!$:/F *№!№?/%]Ъ)\"<[ы?/", "status": "completed", "send_after": "12:00:00", "send_until": "14:00:00", "operators": [], "tags": []}}, {"model": "server.mailing", "pk": 70, "fields": {"start": "2022-08-22T00:25:08.979", "stop": "2022-08-23T00:25:08.979", "text": "[/)=%;*? 1]-[::Х?\"f{", "status": "created", "send_after": "12:00:00", "send_until": "14:00:00", "operators": [], "tags": []}}, {"model": "server.mailing", "pk": 71, "fields": {"start": "2022-08-22T00:25:08.979", "stop": "2022-08-23T00:25:08.979", "text": "[/)=%;*? 1]-[::Х?\"f{", "status": "mailing", "send_after": "12:00:00", "send_until": "14:00:00", "operators": [], "tags": []}}, {"model": "server.mailing", "pk": 72, "fields": {"start": "2022-08-22T00:25:08.979", "stop": "2022-08-23T00:25:08.979", "text": "[/)=%;*? 1]-[::Х?\"f{", "status": "completed", "send_after": "12:00:00", "send_until": "14:00:00", "operators": [], "tags": []}}, {"model": "server.mailing", "pk": 73, "fields": {"start": "2022-08-22T00:25:08.979", "stop": "2022-08-23T00:25:08.979", "text": "№?`\"]Ы;ё[]%*Х", "status": "created", "send_after": "12:00:00", "send_until": "14:00:00", "operators": [], "tags": []}}, {"model": "server.mailing", "pk": 74, "fields": {"start": "2022-08-22T00:25:08.979", "stop": "2022-08-23T00:25:08.979", "text": "№?`\"]Ы;ё[]%*Х", "status": "mailing", "send_after": "12:00:00", "send_until": "14:00:00", "operators": [], "tags": []}}, {"model": "server.mailing", "pk": 75, "fields": {"start": "2022-08-22T00:25:08.979", "stop": "2022-08-23T00:25:08.979", "text": "№?`\"]Ы;ё[]%*Х", "status": "completed", "send_after": "12:00:00", "send_until": "14:00:00", "operators": [], "tags": []}}, {"model": "server.mailing", "pk": 76, "fields": {"start": "2022-08-22T00:25:08.979", "stop": "2022-08-23T00:25:08.979", "text": "ё?{|-\"?;>>^Ъё)Ы№!\"", "status": "created", "send_after": "12:00:00", "send_until": "14:00:00", "operators": [], "tags": []}}, {"model": "server.mailing", "pk": 77, "fields": {"start": "2022-08-22T00:25:08.979", "stop": "2022-08-23T00:25:08.979", "text": "ё?{|-\"?;>>^Ъё)Ы№!\"", "status": "mailing", "send_after": "12:00:00", "send_until": "14:00:00", "operators": [], "tags": []}}, {"model": "server.mailing", "pk": 78, "fields": {"start": "2022-08-22T00:25:08.979", "stop": "2022-08-23T00:25:08.979", "text": "ё?{|-\"?;>>^Ъё)Ы№!\"", "status": "completed", "send_after": "12:00:00", "send_until": "14:00:00", "operators": [], "tags": []}}, {"model": "server.mailing", "pk": 79, "fields": {"start": "2022-08-22T00:25:08.979", "stop": "2022-08-23T00:25:08.979", "text": "?<,]]f}№№-Ъ^>ё/1\"|\"[Ff}%*|Ы-|;=", "status": "created", "send_after": "12:00:00", "send_until": "14:00:00", "operators": [], "tags": []}}, {"model": "server.mailing", "pk": 80, "fields": {"start": "2022-08-22T00:25:08.979", "stop": "2022-08-23T00:25:08.979", "text": "?<,]]f}№№-Ъ^>ё/1\"|\"[Ff}%*|Ы-|;=", "status": "mailing", "send_after": "12:00:00", "send_until": "14:00:00", "operators": [], "tags": []}}, {"model": "server.mailing", "pk": 81, "fields": {"start": "2022-08-22T00:25:08.979", "stop": "2022-08-23T00:25:08.979", "text": "?<,]]f}№№-Ъ^>ё/1\"|\"[Ff}%*|Ы-|;=", "status": "completed", "send_after": "12:00:00", "send_until": "14:00:00", "operators": [], "tags": []}}, {"model": "server.mailing", "pk": 82, "fields": {"start": "2022-08-22T00:25:08.979", "stop": "2022-08-23T00:25:08.979", "text": "$'%>! ё11|\\?1№-f'=(", "status": "created", "send_after": "12:00:00", "send_until": "14:00:00", "operators": [], "tags": []}}, {"model": "server.mailing", "pk": 83, "fields": {"start": "2022-08-22T00:25:08.979", "stop": "2022-08-23T00:25:08.979", "text": "$'%>! ё11|\\?1№-f'=(", "status": "mailing", "send_after": "12:00:00", "send_until": "14:00:00", "operators": [], "tags": []}}, {"model": "server.mailing", "pk": 84, "fields": {"start": "2022-08-22T00:25:08.979", "stop": "2022-08-23T00:25:08.979", "text": "$'%>! ё11|\\?1№-f'=(", "status": "completed", "send_after": "12:00:00", "send_until": "14:00:00", "operators": [], "tags": []}}, {"model": "server.mailing", "pk": 85, "fields": {"start": "2022-08-22T00:25:08.979", "stop": "2022-08-23T00:25:08.979", "text": "?№\\1<?=)\\Ы.\"№Ъ^\"^}--}>!].=%№", "status": "created", "send_after": "12:00:00", "send_until": "14:00:00", "operators": [], "tags": []}}, {"model": "server.mailing", "pk": 86, "fields": {"start": "2022-08-22T00:25:08.979", "stop": "2022-08-23T00:25:08.979", "text": "?№\\1<?=)\\Ы.\"№Ъ^\"^}--}>!].=%№", "status": "mailing", "send_after": "12:00:00", "send_until": "14:00:00", "operators": [], "tags": []}}, {"model": "server.mailing", "pk": 87, "fields": {"start": "2022-08-22T00:25:08.979", "stop": "2022-08-23T00:25:08.979", "text": "?№\\1<?=)\\Ы.\"№Ъ^\"^}--}>!].=%№", "status": "completed", "send_after": "12:00:00", "send_until": "14:00:00", "operators": [], "tags": []}}, {"model": "server.mailing", "pk": 88, "fields": {"start": "2022-08-22T00:25:08.979", "stop": "2022-08-23T00:25:08.979", "text": "ёf+\"%(ы;F/№+1\\!+)FЫ{[=Ы;``F", "status": "created", "send_after": "12:00:00", "send_until": "14:00:00", "operators": [], "tags": []}}, {"model": "server.mailing", "pk": 89, "fields": {"start": "2022-08-22T00:25:08.979", "stop": "2022-08-23T00:25:08.979", "text": "ёf+\"%(ы;F/№+1\\!+)FЫ{[=Ы;``F", "status": "mailing", "send_after": "12:00:00", "send_until": "14:00:00", "operators": [], "tags": []}}, {"model": "server.mailing", "pk": 90, "fields": {"start": "2022-08-22T00:25:08.979", "stop": "2022-08-23T00:25:08.979", "text": "ёf+\"%(ы;F/№+1\\!+)FЫ{[=Ы;``F", "status": "completed", "send_after": "12:00:00", "send_until": "14:00:00", "operators": [], "tags": []}}, {"model": "server.mailing", "pk": 91, "fields": {"start": "2022-08-22T00:25:08.979", "stop": "2022-08-23T00:25:08.979", "text": "\"=Х!==Х[ %<>ЫF;№`ё=((}ыЪ%", "status": "created", "send_after": "12:00:00", "send_until": "14:00:00", "operators": [], "tags": []}}, {"model": "server.mailing", "pk": 92, "fields": {"start": "2022-08-22T00:25:08.979", "stop": "2022-08-23T00:25:08.979", "text": "\"=Х!==Х[ %<>ЫF;№`ё=((}ыЪ%", "status": "mailing", "send_after": "12:00:00", "send_until": "14:00:00", "operators": [], "tags": []}}, {"model": "server.mailing", "pk": 93, "fields": {"start": "2022-08-22T00:25:08.979", "stop": "2022-08-23T00:25:08.979", "text": "\"=Х!==Х[ %<>ЫF;№`ё=((}ыЪ%", "status": "completed", "send_after": "12:00:00", "send_until": "14:00:00", "operators": [], "tags": []}}, {"model": "server.mailing", "pk": 94, "fields": {"start": "2022-08-22T00:25:08.979", "stop": "2022-08-23T00:25:08.979", "text": "$>Ъ{/№!?'\"f,?f:['*Ы", "status": "created", "send_after": "12:00:00", "send_until": "14:00:00", "operators": [], "tags": []}}, {"model": "server.mailing", "pk": 95, "fields": {"start": "2022-08-22T00:25:08.979", "stop": "2022-08-23T00:25:08.979", "text": "$>Ъ{/№!?'\"f,?f:['*Ы", "status": "mailing", "send_after": "12:00:00", "send_until": "14:00:00", "operators": [], "tags": []}}, {"model": "server.mailing", "pk": 96, "fields": {"start": "2022-08-22T00:25:08.979", "stop": "2022-08-23T00:25:08.979", "text": "$>Ъ{/№!?'\"f,?f:['*Ы", "status": "completed", "send_after": "12:00:00", "send_until": "14:00:00", "operators": [], "tags": []}}, {"model": "server.mailing", "pk": 97, "fields": {"start": "2022-08-22T00:25:08.979", "stop": "2022-08-23T00:25:08.979", "text": "ЪF]ыЫыЪ+!?$:\\`'-Х:}$^", "status": "created", "send_after": "12:00:00", "send_until": "14:00:00", "operators": [], "tags": []}}, {"model": "server.mailing", "pk": 98, "fields": {"start": "2022-08-22T00:25:08.979", "stop": "2022-08-23T00:25:08.979", "text": "ЪF]ыЫыЪ+!?$:\\`'-Х:}$^", "status": "mailing", "send_after": "12:00:00", "send_until": "14:00:00", "operators": [], "tags": []}}, {"model": "server.mailing", "pk": 99, "fields": {"start": "2022-08-22T00:25:08.979", "stop": "2022-08-23T00:25:08.979", "text": "ЪF]ыЫыЪ+!?$:\\`'-Х:}$^", "status": "completed", "send_after": "12:00:00", "send_until": "14:00:00", "operators": [], "tags": []}}, {"model": "server.mailing", "pk": 100, "fields": {"start": "2022-08-22T00:25:08.979", "stop": "2022-08-23T00:25:08.979", "text": ";|/{ы[[([-'Х-fХ^$,,{`>.1?'*' ,№ ", "status": "created", "send_after": "12:00:00", "send_until": "14:00:00", "operators": [], "tags": []}}, {"model": "server.mailing", "pk": 101, "fields": {"start": "2022-08-22T00:25:08.979", "stop": "2022-08-23T00:25:08.979", "text": ";|/{ы[[([-'Х-fХ^$,,{`>.1?'*' ,№ ", "status": "mailing", "send_after": "12:00:00", "send_until": "14:00:00", "operators": [], "tags": []}}, {"model": "server.mailing", "pk": 102, "fields": {"start": "2022-08-22T00:25:08.979", "stop": "2022-08-23T00:25:08.979", "text": ";|/{ы[[([-'Х-fХ^$,,{`>.1?'*' ,№ ", "status": "completed", "send_after": "12:00:00", "send_until": "14:00:00", "operators": [], "tags": []}}, {"model": "server.mailing", "pk": 103, "fields": {"start": "2022-08-22T00:25:08.979", "stop": "2022-08-23T00:25:08.979", "text": "]\"?+Ы/F.`\"?{|f№F\\'\"`{(№!\"={=+\";", "status": "created", "send_after": "12:00:00", "send_until": "14:00:00", "operators": [], "tags": []}}, {"model": "server.mailing", "pk": 104, "fields": {"start": "2022-08-22T00:25:08.979", "stop": "2022-08-23T00:25:08.979", "text": "]\"?+Ы/F.`\"?{|f№F\\'\"`{(№!\"={=+\";", "status": "mailing", "send_after": "12:00:00", "send_until": "14:00:00", "operators": [], "tags": []}}, {"model": "server.mailing", "pk": 105, "fields": {"start": "2022-08-22T00:25:08.979", "stop": "2022-08-23T00:25:08.979", "text": "]\"?+Ы/F.`\"?{|f№F\\'\"`{(№!\"={=+\";", "status": "completed", "send_after": "12:00:00", "send_until": "14:00:00", "operators": [], "tags": []}}, {"model": "server.mailing", "pk": 106, "fields": {"start": "2022-08-22T00:25:08.979", "stop": "2022-08-23T00:25:08.979", "text": "%1Х [Х\"Ъ? |<[%=/Ъ,`Ъ№$-№", "status": "created", "send_after": "12:00:00", "send_until": "14:00:00", "operators": [], "tags": []}}, {"model": "server.mailing", "pk": 107, "fields": {"start": "2022-08-22T00:25:08.979", "stop": "2022-08-23T00:25:08.979", "text": "%1Х [Х\"Ъ? |<[%=/Ъ,`Ъ№$-№", "status": "mailing", "send_after": "12:00:00", "send_until": "14:00:00", "operators": [], "tags": []}}, {"model": "server.mailing", "pk": 108, "fields": {"start": "2022-08-22T00:25:08.979", "stop": "2022-08-23T00:25:08.979", "text": "%1Х [Х\"Ъ? |<[%=/Ъ,`Ъ№$-№", "status": "completed", "send_after": "12:00:00", "send_until": "14:00:00", "operators": [], "tags": []}}, {"model": "server.mailing", "pk": 109, "fields": {"start": "2022-08-22T00:25:08.979", "stop": "2022-08-23T00:25:08.979", "text": "Ъ.<?", "status": "created", "send_after": "12:00:00", "send_until": "14:00:00", "operators": [], "tags": []}}, {"model": "server.mailing", "pk": 110, "fields": {"start": "2022-08-22T00:25:08.979", "stop": "2022-08-23T00:25:08.979", "text": "Ъ.<?", "status": "mailing", "send_after": "12:00:00", "send_until": "14:00:00", "operators": [], "tags": []}}, {"model": "server.mailing", "pk": 111, "fields": {"start": "2022-08-22T00:25:08.979", "stop": "2022-08-23T00:25:08.979", "text": "Ъ.<?", "status": "completed", "send_after": "12:00:00", "send_until": "14:00:00", "operators": [], "tags": []}}, {"model": "server.mailing", "pk": 112, "fields": {"start": "2022-08-22T00:25:08.979", "stop": "2022-08-23T00:25:08.979", "text": "ё,*1№,>№Ъ<+*|\"<№^Х\"}ы\"' ?", "status": "created", "send_after": "12:00:00", "send_until": "14:00:00", "operators": [], "tags": []}}, {"model": "server.mailing", "pk": 113, "fields": {"start": "2022-08-22T00:25:08.979", "stop": "2022-08-23T00:25:08.979", "text": "ё,*1№,>№Ъ<+*|\"<№^Х\"}ы\"' ?", "status": "mailing", "send_after": "12:00:00", "send_until": "14:00:00", "operators": [], "tags": []}}, {"model": "server.mailing", "pk": 114, "fields": {"start": "2022-08-22T00:25:08.979", "stop": "2022-08-23T00:25:08.979", "text": "ё,*1№,>№Ъ<+*|\"<№^Х\"}ы\"' ?", "status": "completed", "send_after": "12:00:00", "send_until": "14:00:00", "operators": [], "tags": []}}, {"model": "server.mailing", "pk": 115, "fields": {"start": "2022-08-22T00:25:08.979", "stop": "2022-08-23T00:25:08.979", "text": "$Х![ *\\,ёF-.|^?Ъ*Ъ1''ы%№1\"?{[", "status": "created", "send_after": "12:00:00", "send_until": "14:00:00", "operators": [], "tags": []}}, {"model": "server.mailing", "pk": 116, "fields": {"start": "2022-08-22T00:25:08.979", "stop": "2022-08-23T00:25:08.979", "text": "$Х![ *\\,ёF-.|^?Ъ*Ъ1''ы%№1\"?{[", "status": "mailing", "send_after": "12:00:00", "send_until": "14:00:00", "operators": [], "tags": []}}, {"model": "server.mailing", "pk": 117, "fields": {"start": "2022-08-22T00:25:08.979", "stop": "2022-08-23T00:25:08.979", "text": "$Х![ *\\,ёF-.|^?Ъ*Ъ1''ы%№1\"?{[", "status": "completed", "send_after": "12:00:00", "send_until": "14:00:00", "operators": [], "tags": []}}, {"model": "server.mailing", "pk": 118, "fields": {"start": "2022-08-22T00:25:08.979", "stop": "2022-08-23T00:25:08.979", "text": "]F|)ё?\"'?,Ъ*№-<f?Х:ы.=|>,", "status": "created", "send_after": "12:00:00", "send_until": "14:00:00", "operators": [], "tags": []}}, {"model": "server.mailing", "pk": 119, "fields": {"start": "2022-08-22T00:25:08.979", "stop": "2022-08-23T00:25:08.979", "text": "]F|)ё?\"'?,Ъ*№-<f?Х:ы.=|>,", "status": "mailing", "send_after": "12:00:00", "send_until": "14:00:00", "operators": [], "tags": []}}, {"model": "server.mailing", "pk": 120, "fields": {"start": "2022-08-22T00:25:08.979", "stop": "2022-08-23T00:25:08.979", "text": "]F|)ё?\"'?,Ъ*№-<f?Х:ы.=|>,", "status": "completed", "send_after": "12:00:00", "send_until": "14:00:00", "operators": [], "tags": []}}, {"model": "server.client", "pk": 1, "fields": {"operator": 1, "phone": "7979669688", "tag": 1, "timezone": "America/Adak"}}, {"model": "server.client", "pk": 2, "fields": {"operator": 1, "phone": "7939947805", "tag": 1, "timezone": "Etc/UTC"}}, {"model": "server.client", "pk": 3, "fields": {"operator": 1, "phone": "7971842787", "tag": 1, "timezone": "Pacific/Kosrae"}}, {"model": "server.client", "pk": 4, "fields": {"operator": 1, "phone": "7945455743", "tag": 2, "timezone": "America/Adak"}}, {"model": "server.client", "pk": 5, "fields": {"operator": 1, "phone": "7992529722", "tag": 2, "timezone": "Etc/UTC"}}, {"model": "server.client", "pk": 6, "fields": {"operator": 1, "phone": "7925590727", "tag": 2, "timezone": "Pacific/Kosrae"}}, {"model": "server.client", "pk": 7, "fields": {"operator": 1, "phone": "7929100986", "tag": 3, "timezone": "America/Adak"}}, {"model": "server.client", "pk": 8, "fields": {"operator": 1, "phone": "7966750036", "tag": 3, "timezone": "Etc/UTC"}}, {"model": "server.client", "pk": 9, "fields": {"operator": 1, "phone": "7969143242", "tag": 3, "timezone": "Pacific/Kosrae"}}, {"model": "server.client", "pk": 10, "fields": {"operator": 1, "phone": "7957934001", "tag": 4, "timezone": "America/Adak"}}, {"model": "server.client", "pk": 11, "fields": {"operator": 1, "phone": "7937092343", "tag": 4, "timezone": "Etc/UTC"}}, {"model": "server.client", "pk": 12, "fields": {"operator": 1, "phone": "7976876600", "tag": 4, "timezone": "Pacific/Kosrae"}}, {"model": "server.client", "pk": 13, "fields": {"operator": 1, "phone": "7974218746", "tag": 5, "timezone": "America/Adak"}}, {"model": "server.client", "pk": 14, "fields": {"operator": 1, "phone": "7927697521", "tag": 5, "timezone": "Etc/UTC"}}, {"model": "server.client", "pk": 15, "fields": {"operator": 1, "phone": "7950549286", "tag": 5, "timezone": "Pacific/Kosrae"}}, {"model": "server.client", "pk": 16, "fields": {"operator": 1, "phone": "7954776900", "tag": 6, "timezone": "America/Adak"}}, {"model": "server.client", "pk": 17, "fields": {"operator": 1, "phone": "7962354143", "tag": 6, "timezone": "Etc/UTC"}}, {"model": "server.client", "pk": 18, "fields": {"operator": 1, "phone": "7938545400", "tag": 6, "timezone": "Pacific/Kosrae"}}, {"model": "server.client", "pk": 19, "fields": {"operator": 1, "phone": "7989973447", "tag": 7, "timezone": "America/Adak"}}, {"model": "server.client", "pk": 20, "fields": {"operator": 1, "phone": "7919325181", "tag": 7, "timezone": "Etc/UTC"}}, {"model": "server.client", "pk": 21, "fields": {"operator": 1, "phone": "7935248123", "tag": 7, "timezone": "Pacific/Kosrae"}}, {"model": "server.client", "pk": 22, "fields": {"operator": 1, "phone": "7945093138", "tag": 8, "timezone": "America/Adak"}}, {"model": "server.client", "pk": 23, "fields": {"operator": 1, "phone": "7931115858", "tag": 8, "timezone": "Etc/UTC"}}, {"model": "server.client", "pk": 24, "fields": {"operator": 1, "phone": "7954548435", "tag": 8, "timezone": "Pacific/Kosrae"}}, {"model": "server.client", "pk": 25, "fields": {"operator": 1, "phone": "7965127605", "tag": 9, "timezone": "America/Adak"}}, {"model": "server.client", "pk": 26, "fields": {"operator": 1, "phone": "7936704831", "tag": 9, "timezone": "Etc/UTC"}}, {"model": "server.client", "pk": 27, "fields": {"operator": 1, "phone": "7953585307", "tag": 9, "timezone": "Pacific/Kosrae"}}, {"model": "server.client", "pk": 28, "fields": {"operator": 1, "phone": "7912500891", "tag": 10, "timezone": "America/Adak"}}, {"model": "server.client", "pk": 29, "fields": {"operator": 1, "phone": "7931254746", "tag": 10, "timezone": "Etc/UTC"}}, {"model": "server.client", "pk": 30, "fields": {"operator": 1, "phone": "7918948254", "tag": 10, "timezone": "Pacific/Kosrae"}}, {"model": "server.client", "pk": 31, "fields": {"operator": 2, "phone": "7964428021", "tag": 1, "timezone": "America/Adak"}}, {"model": "server.client", "pk": 32, "fields": {"operator": 2, "phone": "7965841335", "tag": 1, "timezone": "Etc/UTC"}}, {"model": "server.client", "pk": 33, "fields": {"operator": 2, "phone": "7972083883", "tag": 1, "timezone": "Pacific/Kosrae"}}, {"model": "server.client", "pk": 34, "fields": {"operator": 2, "phone": "7966618955", "tag": 2, "timezone": "America/Adak"}}, {"model": "server.client", "pk": 35, "fields": {"operator": 2, "phone": "7957952102", "tag": 2, "timezone": "Etc/UTC"}}, {"model": "server.client", "pk": 36, "fields": {"operator": 2, "phone": "7919432177", "tag": 2, "timezone": "Pacific/Kosrae"}}, {"model": "server.client", "pk": 37, "fields": {"operator": 2, "phone": "7975358425", "tag": 3, "timezone": "America/Adak"}}, {"model": "server.client", "pk": 38, "fields": {"operator": 2, "phone": "7998253621", "tag": 3, "timezone": "Etc/UTC"}}, {"model": "server.client", "pk": 39, "fields": {"operator": 2, "phone": "7963180727", "tag": 3, "timezone": "Pacific/Kosrae"}}, {"model": "server.client", "pk": 40, "fields": {"operator": 2, "phone": "7950376297", "tag": 4, "timezone": "America/Adak"}}, {"model": "server.client", "pk": 41, "fields": {"operator": 2, "phone": "7951040332", "tag": 4, "timezone": "Etc/UTC"}}, {"model": "server.client", "pk": 42, "fields": {"operator": 2, "phone": "7951611734", "tag": 4, "timezone": "Pacific/Kosrae"}}, {"model": "server.client", "pk": 43, "fields": {"operator": 2, "phone": "7926264624", "tag": 5, "timezone": "America/Adak"}}, {"model": "server.client", "pk": 44, "fields": {"operator": 2, "phone": "7934413900", "tag": 5, "timezone": "Etc/UTC"}}, {"model": "server.client", "pk": 45, "fields": {"operator": 2, "phone": "7981099838", "tag": 5, "timezone": "Pacific/Kosrae"}}, {"model": "server.client", "pk": 46, "fields": {"operator": 2, "phone": "7994485946", "tag": 6, "timezone": "America/Adak"}}, {"model": "server.client", "pk": 47, "fields": {"operator": 2, "phone": "7938020061", "tag": 6, "timezone": "Etc/UTC"}}, {"model": "server.client", "pk": 48, "fields": {"operator": 2, "phone": "7925028496", "tag": 6, "timezone": "Pacific/Kosrae"}}, {"model": "server.client", "pk": 49, "fields": {"operator": 2, "phone": "7936865129", "tag": 7, "timezone": "America/Adak"}}, {"model": "server.client", "pk": 50, "fields": {"operator": 2, "phone": "7929700435", "tag": 7, "timezone": "Etc/UTC"}}, {"model": "server.client", "pk": 51, "fields": {"operator": 2, "phone": "7940142105", "tag": 7, "timezone": "Pacific/Kosrae"}}, {"model": "server.client", "pk": 52, "fields": {"operator": 2, "phone": "7944481257", "tag": 8, "timezone": "America/Adak"}}, {"model": "server.client", "pk": 53, "fields": {"operator": 2, "phone": "7953516401", "tag": 8, "timezone": "Etc/UTC"}}, {"model": "server.client", "pk": 54, "fields": {"operator": 2, "phone": "7936258814", "tag": 8, "timezone": "Pacific/Kosrae"}}, {"model": "server.client", "pk": 55, "fields": {"operator": 2, "phone": "7927319759", "tag": 9, "timezone": "America/Adak"}}, {"model": "server.client", "pk": 56, "fields": {"operator": 2, "phone": "7936714948", "tag": 9, "timezone": "Etc/UTC"}}, {"model": "server.client", "pk": 57, "fields": {"operator": 2, "phone": "7937043389", "tag": 9, "timezone": "Pacific/Kosrae"}}, {"model": "server.client", "pk": 58, "fields": {"operator": 2, "phone": "7986780359", "tag": 10, "timezone": "America/Adak"}}, {"model": "server.client", "pk": 59, "fields": {"operator": 2, "phone": "7913256964", "tag": 10, "timezone": "Etc/UTC"}}, {"model": "server.client", "pk": 60, "fields": {"operator": 2, "phone": "7936651353", "tag": 10, "timezone": "Pacific/Kosrae"}}, {"model": "server.client", "pk": 61, "fields": {"operator": 3, "phone": "7926011172", "tag": 1, "timezone": "America/Adak"}}, {"model": "server.client", "pk": 62, "fields": {"operator": 3, "phone": "7955569794", "tag": 1, "timezone": "Etc/UTC"}}, {"model": "server.client", "pk": 63, "fields": {"operator": 3, "phone": "7942560985", "tag": 1, "timezone": "Pacific/Kosrae"}}, {"model": "server.client", "pk": 64, "fields": {"operator": 3, "phone": "7992763461", "tag": 2, "timezone": "America/Adak"}}, {"model": "server.client", "pk": 65, "fields": {"operator": 3, "phone": "7997748402", "tag": 2, "timezone": "Etc/UTC"}}, {"model": "server.client", "pk": 66, "fields": {"operator": 3, "phone": "7986011028", "tag": 2, "timezone": "Pacific/Kosrae"}}, {"model": "server.client", "pk": 67, "fields": {"operator": 3, "phone": "7911633985", "tag": 3, "timezone": "America/Adak"}}, {"model": "server.client", "pk": 68, "fields": {"operator": 3, "phone": "7931019665", "tag": 3, "timezone": "Etc/UTC"}}, {"model": "server.client", "pk": 69, "fields": {"operator": 3, "phone": "7914153213", "tag": 3, "timezone": "Pacific/Kosrae"}}, {"model": "server.client", "pk": 70, "fields": {"operator": 3, "phone": "7915530013", "tag": 4, "timezone": "America/Adak"}}, {"model": "server.client", "pk": 71, "fields": {"operator": 3, "phone": "7998738282", "tag": 4, "timezone": "Etc/UTC"}}, {"model": "server.client", "pk": 72, "fields": {"operator": 3, "phone": "7941516836", "tag": 4, "timezone": "Pacific/Kosrae"}}, {"model": "server.client", "pk": 73, "fields": {"operator": 3, "phone": "7916969474", "tag": 5, "timezone": "America/Adak"}}, {"model": "server.client", "pk": 74, "fields": {"operator": 3, "phone": "7914571665", "tag": 5, "timezone": "Etc/UTC"}}, {"model": "server.client", "pk": 75, "fields": {"operator": 3, "phone": "7952362077", "tag": 5, "timezone": "Pacific/Kosrae"}}, {"model": "server.client", "pk": 76, "fields": {"operator": 3, "phone": "7958477710", "tag": 6, "timezone": "America/Adak"}}, {"model": "server.client", "pk": 77, "fields": {"operator": 3, "phone": "7919598704", "tag": 6, "timezone": "Etc/UTC"}}, {"model": "server.client", "pk": 78, "fields": {"operator": 3, "phone": "7944617777", "tag": 6, "timezone": "Pacific/Kosrae"}}, {"model": "server.client", "pk": 79, "fields": {"operator": 3, "phone": "7942133614", "tag": 7, "timezone": "America/Adak"}}, {"model": "server.client", "pk": 80, "fields": {"operator": 3, "phone": "7964862336", "tag": 7, "timezone": "Etc/UTC"}}, {"model": "server.client", "pk": 81, "fields": {"operator": 3, "phone": "7973343196", "tag": 7, "timezone": "Pacific/Kosrae"}}, {"model": "server.client", "pk": 82, "fields": {"operator": 3, "phone": "7962497342", "tag": 8, "timezone": "America/Adak"}}, {"model": "server.client", "pk": 83, "fields": {"operator": 3, "phone": "7952477851", "tag": 8, "timezone": "Etc/UTC"}}, {"model": "server.client", "pk": 84, "fields": {"operator": 3, "phone": "7969428323", "tag": 8, "timezone": "Pacific/Kosrae"}}, {"model": "server.client", "pk": 85, "fields": {"operator": 3, "phone": "7914965496", "tag": 9, "timezone": "America/Adak"}}, {"model": "server.client", "pk": 86, "fields": {"operator": 3, "phone": "7931716332", "tag": 9, "timezone": "Etc/UTC"}}, {"model": "server.client", "pk": 87, "fields": {"operator": 3, "phone": "7983060287", "tag": 9, "timezone": "Pacific/Kosrae"}}, {"model": "server.client", "pk": 88, "fields": {"operator": 3, "phone": "7986347055", "tag": 10, "timezone": "America/Adak"}}, {"model": "server.client", "pk": 89, "fields": {"operator": 3, "phone": "7999626964", "tag": 10, "timezone": "Etc/UTC"}}, {"model": "server.client", "pk": 90, "fields": {"operator": 3, "phone": "7958009856", "tag": 10, "timezone": "Pacific/Kosrae"}}, {"model": "server.client", "pk": 91, "fields": {"operator": 4, "phone": "7992934087", "tag": 1, "timezone": "America/Adak"}}, {"model": "server.client", "pk": 92, "fields": {"operator": 4, "phone": "7955047773", "tag": 1, "timezone": "Etc/UTC"}}, {"model": "server.client", "pk": 93, "fields": {"operator": 4, "phone": "7975601809", "tag": 1, "timezone": "Pacific/Kosrae"}}, {"model": "server.client", "pk": 94, "fields": {"operator": 4, "phone": "7927965782", "tag": 2, "timezone": "America/Adak"}}, {"model": "server.client", "pk": 95, "fields": {"operator": 4, "phone": "7980355055", "tag": 2, "timezone": "Etc/UTC"}}, {"model": "server.client", "pk": 96, "fields": {"operator": 4, "phone": "7985713556", "tag": 2, "timezone": "Pacific/Kosrae"}}, {"model": "server.client", "pk": 97, "fields": {"operator": 4, "phone": "7932698201", "tag": 3, "timezone": "America/Adak"}}, {"model": "server.client", "pk": 98, "fields": {"operator": 4, "phone": "7957718709", "tag": 3, "timezone": "Etc/UTC"}}, {"model": "server.client", "pk": 99, "fields": {"operator": 4, "phone": "7949284350", "tag": 3, "timezone": "Pacific/Kosrae"}}, {"model": "server.client", "pk": 100, "fields": {"operator": 4, "phone": "7992533954", "tag": 4, "timezone": "America/Adak"}}, {"model": "server.client", "pk": 101, "fields": {"operator": 4, "phone": "7967150741", "tag": 4, "timezone": "Etc/UTC"}}, {"model": "server.client", "pk": 102, "fields": {"operator": 4, "phone": "7977233569", "tag": 4, "timezone": "Pacific/Kosrae"}}, {"model": "server.client", "pk": 103, "fields": {"operator": 4, "phone": "7995115304", "tag": 5, "timezone": "America/Adak"}}, {"model": "server.client", "pk": 104, "fields": {"operator": 4, "phone": "7965269558", "tag": 5, "timezone": "Etc/UTC"}}, {"model": "server.client", "pk": 105, "fields": {"operator": 4, "phone": "7915919774", "tag": 5, "timezone": "Pacific/Kosrae"}}, {"model": "server.client", "pk": 106, "fields": {"operator": 4, "phone": "7996877542", "tag": 6, "timezone": "America/Adak"}}, {"model": "server.client", "pk": 107, "fields": {"operator": 4, "phone": "7982595886", "tag": 6, "timezone": "Etc/UTC"}}, {"model": "server.client", "pk": 108, "fields": {"operator": 4, "phone": "7971921467", "tag": 6, "timezone": "Pacific/Kosrae"}}, {"model": "server.client", "pk": 109, "fields": {"operator": 4, "phone": "7923090780", "tag": 7, "timezone": "America/Adak"}}, {"model": "server.client", "pk": 110, "fields": {"operator": 4, "phone": "7960206451", "tag": 7, "timezone": "Etc/UTC"}}, {"model": "server.client", "pk": 111, "fields": {"operator": 4, "phone": "7911233577", "tag": 7, "timezone": "Pacific/Kosrae"}}, {"model": "server.client", "pk": 112, "fields": {"operator": 4, "phone": "7945861514", "tag": 8, "timezone": "America/Adak"}}, {"model": "server.client", "pk": 113, "fields": {"operator": 4, "phone": "7998605431", "tag": 8, "timezone": "Etc/UTC"}}, {"model": "server.client", "pk": 114, "fields": {"operator": 4, "phone": "7952971094", "tag": 8, "timezone": "Pacific/Kosrae"}}, {"model": "server.client", "pk": 115, "fields": {"operator": 4, "phone": "7963375896", "tag": 9, "timezone": "America/Adak"}}, {"model": "server.client", "pk": 116, "fields": {"operator": 4, "phone": "7943086134", "tag": 9, "timezone": "Etc/UTC"}}, {"model": "server.client", "pk": 117, "fields": {"operator": 4, "phone": "7937147287", "tag": 9, "timezone": "Pacific/Kosrae"}}, {"model": "server.client", "pk": 118, "fields": {"operator": 4, "phone": "7953657886", "tag": 10, "timezone": "America/Adak"}}, {"model": "server.client", "pk": 119, "fields": {"operator": 4, "phone": "7966013444", "tag": 10, "timezone": "Etc/UTC"}}, {"model": "server.client", "pk": 120, "fields": {"operator": 4, "phone": "7996110252", "tag": 10, "timezone": "Pacific/Kosrae"}}, {"model": "server.message", "pk": 1, "fields": {"created_at": "2022-08-22T00:25:09.346", "status": "created", "mailing": 1, "client": 1}}, {"model": "server.message", "pk": 2, "fields": {"created_at": "2022-08-22T00:25:09.347", "status": "created", "mailing": 2, "client": 2}}, {"model": "server.message", "pk": 3, "fields": {"created_at": "2022-08-22T00:25:09.348", "status": "created", "mailing": 3, "client": 3}}, {"model": "server.message", "pk": 4, "fields": {"created_at": "2022-08-22T00:25:09.349", "status": "created", "mailing": 4, "client": 4}}, {"model": "server.message", "pk": 5, "fields": {"created_at": "2022-08-22T00:25:09.350", "status": "created", "mailing": 5, "client": 5}}, {"model": "server.message", "pk": 6, "fields": {"created_at": "2022-08-22T00:25:09.351", "status": "created", "mailing": 6, "client": 6}}, {"model": "server.message", "pk": 7, "fields": {"created_at": "2022-08-22T00:25:09.351", "status": "created", "mailing": 7, "client": 7}}, {"model": "server.message", "pk": 8, "fields": {"created_at": "2022-08-22T00:25:09.352", "status": "created", "mailing": 8, "client": 8}}, {"model": "server.message", "pk": 9, "fields": {"created_at": "2022-08-22T00:25:09.353", "status": "created", "mailing": 9, "client": 9}}, {"model": "server.message", "pk": 10, "fields": {"created_at": "2022-08-22T00:25:09.354", "status": "created", "mailing": 10, "client": 10}}, {"model": "server.message", "pk": 11, "fields": {"created_at": "2022-08-22T00:25:09.355", "status": "created", "mailing": 11, "client": 11}}, {"model": "server.message", "pk": 12, "fields": {"created_at": "2022-08-22T00:25:09.356", "status": "created", "mailing": 12, "client": 12}}, {"model": "server.message", "pk": 13, "fields": {"created_at": "2022-08-22T00:25:09.356", "status": "created", "mailing": 13, "client": 13}}, {"model": "server.message", "pk": 14, "fields": {"created_at": "2022-08-22T00:25:09.358", "status": "created", "mailing": 14, "client": 14}}, {"model": "server.message", "pk": 15, "fields": {"created_at": "2022-08-22T00:25:09.359", "status": "created", "mailing": 15, "client": 15}}, {"model": "server.message", "pk": 16, "fields": {"created_at": "2022-08-22T00:25:09.359", "status": "created", "mailing": 16, "client": 16}}, {"model": "server.message", "pk": 17, "fields": {"created_at": "2022-08-22T00:25:09.360", "status": "created", "mailing": 17, "client": 17}}, {"model": "server.message", "pk": 18, "fields": {"created_at": "2022-08-22T00:25:09.361", "status": "created", "mailing": 18, "client": 18}}, {"model": "server.message", "pk": 19, "fields": {"created_at": "2022-08-22T00:25:09.362", "status": "created", "mailing": 19, "client": 19}}, {"model": "server.message", "pk": 20, "fields": {"created_at": "2022-08-22T00:25:09.363", "status": "created", "mailing": 20, "client": 20}}, {"model": "server.message", "pk": 21, "fields": {"created_at": "2022-08-22T00:25:09.363", "status": "created", "mailing": 21, "client": 21}}, {"model": "server.message", "pk": 22, "fields": {"created_at": "2022-08-22T00:25:09.364", "status": "created", "mailing": 22, "client": 22}}, {"model": "server.message", "pk": 23, "fields": {"created_at": "2022-08-22T00:25:09.365", "status": "created", "mailing": 23, "client": 23}}, {"model": "server.message", "pk": 24, "fields": {"created_at": "2022-08-22T00:25:09.366", "status": "created", "mailing": 24, "client": 24}}, {"model": "server.message", "pk": 25, "fields": {"created_at": "2022-08-22T00:25:09.367", "status": "created", "mailing": 25, "client": 25}}, {"model": "server.message", "pk": 26, "fields": {"created_at": "2022-08-22T00:25:09.368", "status": "created", "mailing": 26, "client": 26}}, {"model": "server.message", "pk": 27, "fields": {"created_at": "2022-08-22T00:25:09.368", "status": "created", "mailing": 27, "client": 27}}, {"model": "server.message", "pk": 28, "fields": {"created_at": "2022-08-22T00:25:09.369", "status": "created", "mailing": 28, "client": 28}}, {"model": "server.message", "pk": 29, "fields": {"created_at": "2022-08-22T00:25:09.370", "status": "created", "mailing": 29, "client": 29}}, {"model": "server.message", "pk": 30, "fields": {"created_at": "2022-08-22T00:25:09.371", "status": "created", "mailing": 30, "client": 30}}, {"model": "server.message", "pk": 31, "fields": {"created_at": "2022-08-22T00:25:09.372", "status": "error", "mailing": 1, "client": 31}}, {"model": "server.message", "pk": 32, "fields": {"created_at": "2022-08-22T00:25:09.373", "status": "error", "mailing": 2, "client": 32}}, {"model": "server.message", "pk": 33, "fields": {"created_at": "2022-08-22T00:25:09.373", "status": "error", "mailing": 3, "client": 33}}, {"model": "server.message", "pk": 34, "fields": {"created_at": "2022-08-22T00:25:09.374", "status": "error", "mailing": 4, "client": 34}}, {"model": "server.message", "pk": 35, "fields": {"created_at": "2022-08-22T00:25:09.375", "status": "error", "mailing": 5, "client": 35}}, {"model": "server.message", "pk": 36, "fields": {"created_at": "2022-08-22T00:25:09.376", "status": "error", "mailing": 6, "client": 36}}, {"model": "server.message", "pk": 37, "fields": {"created_at": "2022-08-22T00:25:09.377", "status": "error", "mailing": 7, "client": 37}}, {"model": "server.message", "pk": 38, "fields": {"created_at": "2022-08-22T00:25:09.378", "status": "error", "mailing": 8, "client": 38}}, {"model": "server.message", "pk": 39, "fields": {"created_at": "2022-08-22T00:25:09.378", "status": "error", "mailing": 9, "client": 39}}, {"model": "server.message", "pk": 40, "fields": {"created_at": "2022-08-22T00:25:09.379", "status": "error", "mailing": 10, "client": 40}}, {"model": "server.message", "pk": 41, "fields": {"created_at": "2022-08-22T00:25:09.380", "status": "error", "mailing": 11, "client": 41}}, {"model": "server.message", "pk": 42, "fields": {"created_at": "2022-08-22T00:25:09.381", "status": "error", "mailing": 12, "client": 42}}, {"model": "server.message", "pk": 43, "fields": {"created_at": "2022-08-22T00:25:09.382", "status": "error", "mailing": 13, "client": 43}}, {"model": "server.message", "pk": 44, "fields": {"created_at": "2022-08-22T00:25:09.383", "status": "error", "mailing": 14, "client": 44}}, {"model": "server.message", "pk": 45, "fields": {"created_at": "2022-08-22T00:25:09.383", "status": "error", "mailing": 15, "client": 45}}, {"model": "server.message", "pk": 46, "fields": {"created_at": "2022-08-22T00:25:09.384", "status": "error", "mailing": 16, "client": 46}}, {"model": "server.message", "pk": 47, "fields": {"created_at": "2022-08-22T00:25:09.385", "status": "error", "mailing": 17, "client": 47}}, {"model": "server.message", "pk": 48, "fields": {"created_at": "2022-08-22T00:25:09.386", "status": "error", "mailing": 18, "client": 48}}, {"model": "server.message", "pk": 49, "fields": {"created_at": "2022-08-22T00:25:09.387", "status": "error", "mailing": 19, "client": 49}}, {"model": "server.message", "pk": 50, "fields": {"created_at": "2022-08-22T00:25:09.388", "status": "error", "mailing": 20, "client": 50}}, {"model": "server.message", "pk": 51, "fields": {"created_at": "2022-08-22T00:25:09.388", "status": "error", "mailing": 21, "client": 51}}, {"model": "server.message", "pk": 52, "fields": {"created_at": "2022-08-22T00:25:09.389", "status": "error", "mailing": 22, "client": 52}}, {"model": "server.message", "pk": 53, "fields": {"created_at": "2022-08-22T00:25:09.390", "status": "error", "mailing": 23, "client": 53}}, {"model": "server.message", "pk": 54, "fields": {"created_at": "2022-08-22T00:25:09.391", "status": "error", "mailing": 24, "client": 54}}, {"model": "server.message", "pk": 55, "fields": {"created_at": "2022-08-22T00:25:09.392", "status": "error", "mailing": 25, "client": 55}}, {"model": "server.message", "pk": 56, "fields": {"created_at": "2022-08-22T00:25:09.393", "status": "error", "mailing": 26, "client": 56}}, {"model": "server.message", "pk": 57, "fields": {"created_at": "2022-08-22T00:25:09.393", "status": "error", "mailing": 27, "client": 57}}, {"model": "server.message", "pk": 58, "fields": {"created_at": "2022-08-22T00:25:09.394", "status": "error", "mailing": 28, "client": 58}}, {"model": "server.message", "pk": 59, "fields": {"created_at": "2022-08-22T00:25:09.395", "status": "error", "mailing": 29, "client": 59}}, {"model": "server.message", "pk": 60, "fields": {"created_at": "2022-08-22T00:25:09.396", "status": "error", "mailing": 30, "client": 60}}, {"model": "server.message", "pk": 61, "fields": {"created_at": "2022-08-22T00:25:09.397", "status": "sent", "mailing": 1, "client": 61}}, {"model": "server.message", "pk": 62, "fields": {"created_at": "2022-08-22T00:25:09.398", "status": "sent", "mailing": 2, "client": 62}}, {"model": "server.message", "pk": 63, "fields": {"created_at": "2022-08-22T00:25:09.398", "status": "sent", "mailing": 3, "client": 63}}, {"model": "server.message", "pk": 64, "fields": {"created_at": "2022-08-22T00:25:09.399", "status": "sent", "mailing": 4, "client": 64}}, {"model": "server.message", "pk": 65, "fields": {"created_at": "2022-08-22T00:25:09.400", "status": "sent", "mailing": 5, "client": 65}}, {"model": "server.message", "pk": 66, "fields": {"created_at": "2022-08-22T00:25:09.401", "status": "sent", "mailing": 6, "client": 66}}, {"model": "server.message", "pk": 67, "fields": {"created_at": "2022-08-22T00:25:09.402", "status": "sent", "mailing": 7, "client": 67}}, {"model": "server.message", "pk": 68, "fields": {"created_at": "2022-08-22T00:25:09.403", "status": "sent", "mailing": 8, "client": 68}}, {"model": "server.message", "pk": 69, "fields": {"created_at": "2022-08-22T00:25:09.403", "status": "sent", "mailing": 9, "client": 69}}, {"model": "server.message", "pk": 70, "fields": {"created_at": "2022-08-22T00:25:09.404", "status": "sent", "mailing": 10, "client": 70}}, {"model": "server.message", "pk": 71, "fields": {"created_at": "2022-08-22T00:25:09.405", "status": "sent", "mailing": 11, "client": 71}}, {"model": "server.message", "pk": 72, "fields": {"created_at": "2022-08-22T00:25:09.406", "status": "sent", "mailing": 12, "client": 72}}, {"model": "server.message", "pk": 73, "fields": {"created_at": "2022-08-22T00:25:09.407", "status": "sent", "mailing": 13, "client": 73}}, {"model": "server.message", "pk": 74, "fields": {"created_at": "2022-08-22T00:25:09.408", "status": "sent", "mailing": 14, "client": 74}}, {"model": "server.message", "pk": 75, "fields": {"created_at": "2022-08-22T00:25:09.408", "status": "sent", "mailing": 15, "client": 75}}, {"model": "server.message", "pk": 76, "fields": {"created_at": "2022-08-22T00:25:09.409", "status": "sent", "mailing": 16, "client": 76}}, {"model": "server.message", "pk": 77, "fields": {"created_at": "2022-08-22T00:25:09.410", "status": "sent", "mailing": 17, "client": 77}}, {"model": "server.message", "pk": 78, "fields": {"created_at": "2022-08-22T00:25:09.411", "status": "sent", "mailing": 18, "client": 78}}, {"model": "server.message", "pk": 79, "fields": {"created_at": "2022-08-22T00:25:09.412", "status": "sent", "mailing": 19, "client": 79}}, {"model": "server.message", "pk": 80, "fields": {"created_at": "2022-08-22T00:25:09.413", "status": "sent", "mailing": 20, "client": 80}}, {"model": "server.message", "pk": 81, "fields": {"created_at": "2022-08-22T00:25:09.413", "status": "sent", "mailing": 21, "client": 81}}, {"model": "server.message", "pk": 82, "fields": {"created_at": "2022-08-22T00:25:09.414", "status": "sent", "mailing": 22, "client": 82}}, {"model": "server.message", "pk": 83, "fields": {"created_at": "2022-08-22T00:25:09.415", "status": "sent", "mailing": 23, "client": 83}}, {"model": "server.message", "pk": 84, "fields": {"created_at": "2022-08-22T00:25:09.416", "status": "sent", "mailing": 24, "client": 84}}, {"model": "server.message", "pk": 85, "fields": {"created_at": "2022-08-22T00:25:09.417", "status": "sent", "mailing": 25, "client": 85}}, {"model": "server.message", "pk": 86, "fields": {"created_at": "2022-08-22T00:25:09.417", "status": "sent", "mailing": 26, "client": 86}}, {"model": "server.message", "pk": 87, "fields": {"created_at": "2022-08-22T00:25:09.418", "status": "sent", "mailing": 27, "client": 87}}, {"model": "server.message", "pk": 88, "fields": {"created_at": "2022-08-22T00:25:09.419", "status": "sent", "mailing": 28, "client": 88}}, {"model": "server.message", "pk": 89, "fields": {"created_at": "2022-08-22T00:25:09.420", "status": "sent", "mailing": 29, "client": 89}}, {"model": "server.message", "pk": 90, "fields": {"created_at": "2022-08-22T00:25:09.421", "status": "sent", "mailing": 30, "client": 90}}]